"","mode_1","mode_2","mode_3","mode_4","mode_characterization","survey_year","count"
"1","Bicycle or e-bike (rSurvey only)","Bus (public transit)",NA,NA,"Transit","2017",3
"2","Bicycle or e-bike (rSurvey only)","Commuter rail (Sounder, Amtrak)",NA,NA,"Transit","2017",1
"3","Bicycle or e-bike (rSurvey only)","Missing Response","Missing Response","Missing Response","Bike/Micromobility","2023",1
"4","Bicycle or e-bike (rSurvey only)","Missing: Skip Logic","Missing: Skip Logic","Missing: Skip Logic","Bike/Micromobility","2019",369
"5","Bicycle or e-bike (rSurvey only)","Missing: Skip Logic","Missing: Skip Logic",NA,"Bike/Micromobility","2019",2
"6","Bicycle or e-bike (rSurvey only)","Other vehicle in household",NA,NA,"Drive SOV","2017",1
"7","Bicycle or e-bike (rSurvey only)","Urban Rail (e.g., Link light rail, monorail)",NA,NA,"Transit","2017",2
"8","Bicycle or e-bike (rSurvey only)","Walk (or jog/wheelchair)","Urban Rail (e.g., Link light rail, monorail)",NA,"Transit","2017",2
"9","Bicycle or e-bike (rSurvey only)","Walk (or jog/wheelchair)",NA,NA,"Bike/Micromobility","2017",16
"10","Bicycle or e-bike (rSurvey only)",NA,NA,NA,"Bike/Micromobility","2017",1166
"11","Bicycle or e-bike (rSurvey only)",NA,NA,NA,"Bike/Micromobility","2021",153
"12","Bicycle owned by my household (rMove only)","Bus (public transit)","Missing: Skip Logic","Missing: Skip Logic","Transit","2019",1
"13","Bicycle owned by my household (rMove only)","Ferry or water taxi","Missing: Skip Logic","Missing: Skip Logic","Transit","2019",5
"14","Bicycle owned by my household (rMove only)","Missing: Skip Logic","Missing: Skip Logic","Missing: Skip Logic","Bike/Micromobility","2019",1287
"15","Bicycle owned by my household (rMove only)","Missing: Skip Logic","Missing: Skip Logic",NA,"Bike/Micromobility","2019",26
"16","Bike-share - electric bicycle","Missing Response","Missing Response","Missing Response","Bike/Micromobility","2023",39
"17","Bike-share - electric bicycle","Walk (or jog/wheelchair)","Missing Response","Missing Response","Bike/Micromobility","2023",11
"18","Bike-share - standard bicycle","Missing Response","Missing Response","Missing Response","Bike/Micromobility","2023",3
"19","Bike-share bicycle (rMove only)","Bicycle owned by my household (rMove only)","Missing: Skip Logic","Missing: Skip Logic","Bike/Micromobility","2019",1
"20","Bike-share bicycle (rMove only)","Missing: Skip Logic","Missing: Skip Logic","Missing: Skip Logic","Bike/Micromobility","2019",73
"21","Borrowed bicycle (e.g., a friend's)","Missing Response","Missing Response","Missing Response","Bike/Micromobility","2023",4
"22","Borrowed bicycle (e.g., from a friend) (rMove only)","Missing: Skip Logic","Missing: Skip Logic","Missing: Skip Logic","Bike/Micromobility","2019",12
"23","Borrowed bicycle (e.g., from a friend) (rMove only)","Missing: Skip Logic","Missing: Skip Logic",NA,"Bike/Micromobility","2019",1
"24","Bus (public transit)","Bicycle or e-bike (rSurvey only)",NA,NA,"Transit","2017",4
"25","Bus (public transit)","Bus (public transit)","Bus (public transit)","Missing Response","Transit","2023",1
"26","Bus (public transit)","Bus (public transit)","Household vehicle 1","Bus (public transit)","Transit","2023",2
"27","Bus (public transit)","Bus (public transit)","Household vehicle 2","Bus (public transit)","Transit","2023",1
"28","Bus (public transit)","Bus (public transit)","Household vehicle 4","Commuter rail (Sounder, Amtrak)","Transit","2023",1
"29","Bus (public transit)","Bus (public transit)","Missing Response","Missing Response","Transit","2023",52
"30","Bus (public transit)","Bus (public transit)","Missing: Skip Logic",NA,"Transit","2019",8
"31","Bus (public transit)","Bus (public transit)","Walk (or jog/wheelchair)",NA,"Transit","2017",3
"32","Bus (public transit)","Bus (public transit)",NA,NA,"Transit","2017",59
"33","Bus (public transit)","Commuter rail (Sounder, Amtrak)","Bus (public transit)","Bus (public transit)","Transit","2023",1
"34","Bus (public transit)","Commuter rail (Sounder, Amtrak)","Household vehicle 8","Bus (public transit)","Transit","2023",7
"35","Bus (public transit)","Commuter rail (Sounder, Amtrak)","Household vehicle 8","Household vehicle 1","Transit","2023",1
"36","Bus (public transit)","Commuter rail (Sounder, Amtrak)","Household vehicle 8","Household vehicle 6","Transit","2023",1
"37","Bus (public transit)","Commuter rail (Sounder, Amtrak)","Missing Response","Missing Response","Transit","2023",7
"38","Bus (public transit)","Commuter rail (Sounder, Amtrak)","Missing: Skip Logic",NA,"Transit","2019",16
"39","Bus (public transit)","Commuter rail (Sounder, Amtrak)",NA,NA,"Transit","2017",1
"40","Bus (public transit)","Ferry or water taxi","Bus (public transit)","Missing Response","Transit","2023",2
"41","Bus (public transit)","Ferry or water taxi","Missing Response","Missing Response","Transit","2023",2
"42","Bus (public transit)","Ferry or water taxi","Missing: Skip Logic",NA,"Transit","2019",21
"43","Bus (public transit)","Ferry or water taxi","Urban Rail (e.g., Link light rail, monorail)","Walk (or jog/wheelchair)","Transit","2017",1
"44","Bus (public transit)","Ferry or water taxi",NA,NA,"Transit","2017",1
"45","Bus (public transit)","Friend/colleague's car","Missing: Skip Logic",NA,"Transit","2019",1
"46","Bus (public transit)","Friend/colleague's car",NA,NA,"Transit","2017",1
"47","Bus (public transit)","Household vehicle 1","Bus (public transit)","Bus (public transit)","Transit","2023",1
"48","Bus (public transit)","Household vehicle 1","Bus (public transit)","Commuter rail (Sounder, Amtrak)","Transit","2023",2
"49","Bus (public transit)","Household vehicle 1","Bus (public transit)","Household vehicle 6","Transit","2023",1
"50","Bus (public transit)","Household vehicle 1","Bus (public transit)","Missing Response","Transit","2023",20
"51","Bus (public transit)","Household vehicle 1","Bus (public transit)",NA,"Transit","2017",7
"52","Bus (public transit)","Household vehicle 1","Commuter rail (Sounder, Amtrak)","Bus (public transit)","Transit","2019",1
"53","Bus (public transit)","Household vehicle 1","Commuter rail (Sounder, Amtrak)","Missing Response","Transit","2023",1
"54","Bus (public transit)","Household vehicle 1","Missing: Skip Logic",NA,"Transit","2019",3
"55","Bus (public transit)","Household vehicle 1","Other rail","Missing Response","Transit","2023",3
"56","Bus (public transit)","Household vehicle 1","Urban Rail (e.g., Link light rail, monorail, streetcar)","Bus (public transit)","Transit","2023",3
"57","Bus (public transit)","Household vehicle 1","Urban Rail (e.g., Link light rail, monorail, streetcar)","Missing Response","Transit","2023",2
"58","Bus (public transit)","Household vehicle 1",NA,NA,"Transit","2017",9
"59","Bus (public transit)","Household vehicle 2","Bus (public transit)","Missing Response","Transit","2023",13
"60","Bus (public transit)","Household vehicle 2","Missing: Skip Logic",NA,"Transit","2019",1
"61","Bus (public transit)","Household vehicle 2","Urban Rail (e.g., Link light rail, monorail, streetcar)","Missing Response","Transit","2023",1
"62","Bus (public transit)","Household vehicle 2",NA,NA,"Transit","2017",1
"63","Bus (public transit)","Household vehicle 3","Bus (public transit)","Missing Response","Transit","2023",2
"64","Bus (public transit)","Household vehicle 4","Urban Rail (e.g., Link light rail, monorail, streetcar)","Missing Response","Transit","2023",1
"65","Bus (public transit)","Household vehicle 6","Bus (public transit)","Household vehicle 6","Transit","2023",1
"66","Bus (public transit)","Household vehicle 6","Bus (public transit)","Missing Response","Transit","2023",39
"67","Bus (public transit)","Household vehicle 6","Bus (public transit)","Urban Rail (e.g., Link light rail, monorail, streetcar)","Transit","2023",1
"68","Bus (public transit)","Household vehicle 6","Household vehicle 1","Household vehicle 6","Transit","2023",1
"69","Bus (public transit)","Household vehicle 6","Household vehicle 8","Bus (public transit)","Transit","2023",4
"70","Bus (public transit)","Household vehicle 6","Household vehicle 9","Bus (public transit)","Transit","2023",4
"71","Bus (public transit)","Household vehicle 6","Paratransit","Missing Response","Transit","2023",2
"72","Bus (public transit)","Household vehicle 6","Private bus or shuttle","Missing Response","Transit","2023",1
"73","Bus (public transit)","Household vehicle 8","Bus (public transit)","Urban Rail (e.g., Link light rail, monorail, streetcar)","Transit","2023",2
"74","Bus (public transit)","Household vehicle 8","Household vehicle 1","Bus (public transit)","Transit","2023",1
"75","Bus (public transit)","Household vehicle 9","Bus (public transit)","Missing Response","Transit","2023",3
"76","Bus (public transit)","Missing Response","Missing Response","Missing Response","Transit","2023",1862
"77","Bus (public transit)","Missing: Skip Logic","Missing: Skip Logic","Missing: Skip Logic","Transit","2019",25
"78","Bus (public transit)","Missing: Skip Logic","Missing: Skip Logic",NA,"Transit","2019",4178
"79","Bus (public transit)","Other bus (rMove only)","Bus (public transit)","Missing Response","Transit","2023",1
"80","Bus (public transit)","Other bus (rMove only)","Missing Response","Missing Response","Transit","2023",4
"81","Bus (public transit)","Other bus (rMove only)","Missing: Skip Logic",NA,"Transit","2019",1
"82","Bus (public transit)","Other hired service (Uber, Lyft, or other smartphone-app car service)","Commuter rail (Sounder, Amtrak)","Missing Response","Transit","2023",6
"83","Bus (public transit)","Other hired service (Uber, Lyft, or other smartphone-app car service)","Household vehicle 6","Bus (public transit)","Transit","2023",1
"84","Bus (public transit)","Other non-household vehicle",NA,NA,"Transit","2017",1
"85","Bus (public transit)","Other rail","Missing Response","Missing Response","Transit","2023",1
"86","Bus (public transit)","Other rail (e.g., streetcar)","Missing: Skip Logic",NA,"Transit","2019",3
"87","Bus (public transit)","Other vehicle in household","Bus (public transit)","Missing Response","Transit","2023",1
"88","Bus (public transit)","Other vehicle in household","Household vehicle 6","Bus (public transit)","Transit","2023",2
"89","Bus (public transit)","Other vehicle in household",NA,NA,"Transit","2017",1
"90","Bus (public transit)","Private bus or shuttle","Missing: Skip Logic",NA,"Transit","2019",19
"91","Bus (public transit)","Urban Rail (e.g., Link light rail, monorail)","Bus (public transit)","Bus (public transit)","Transit","2019",1
"92","Bus (public transit)","Urban Rail (e.g., Link light rail, monorail)","Missing: Skip Logic","Missing: Skip Logic","Transit","2019",2
"93","Bus (public transit)","Urban Rail (e.g., Link light rail, monorail)","Missing: Skip Logic",NA,"Transit","2019",140
"94","Bus (public transit)","Urban Rail (e.g., Link light rail, monorail)","Walk (or jog/wheelchair)",NA,"Transit","2017",15
"95","Bus (public transit)","Urban Rail (e.g., Link light rail, monorail)",NA,NA,"Transit","2017",17
"96","Bus (public transit)","Urban Rail (e.g., Link light rail, monorail, streetcar)","Bus (public transit)","Missing Response","Transit","2023",2
"97","Bus (public transit)","Urban Rail (e.g., Link light rail, monorail, streetcar)","Household vehicle 6","Bus (public transit)","Transit","2023",4
"98","Bus (public transit)","Urban Rail (e.g., Link light rail, monorail, streetcar)","Household vehicle 6","Missing Response","Transit","2023",1
"99","Bus (public transit)","Urban Rail (e.g., Link light rail, monorail, streetcar)","Household vehicle 8","Bus (public transit)","Transit","2023",3
"100","Bus (public transit)","Urban Rail (e.g., Link light rail, monorail, streetcar)","Household vehicle 8","Household vehicle 6","Transit","2023",6
"101","Bus (public transit)","Urban Rail (e.g., Link light rail, monorail, streetcar)","Household vehicle 8","Urban Rail (e.g., Link light rail, monorail, streetcar)","Transit","2023",7
"102","Bus (public transit)","Urban Rail (e.g., Link light rail, monorail, streetcar)","Missing Response","Missing Response","Transit","2023",33
"103","Bus (public transit)","Vehicle ferry (took vehicle on board)","Missing Response","Missing Response","Transit","2023",1
"104","Bus (public transit)","Walk (or jog/wheelchair)","Bus (public transit)",NA,"Transit","2017",17
"105","Bus (public transit)","Walk (or jog/wheelchair)","Missing Response","Missing Response","Transit","2023",5
"106","Bus (public transit)","Walk (or jog/wheelchair)","Missing: Skip Logic",NA,"Transit","2019",1
"107","Bus (public transit)","Walk (or jog/wheelchair)","Urban Rail (e.g., Link light rail, monorail)",NA,"Transit","2017",10
"108","Bus (public transit)","Walk (or jog/wheelchair)",NA,NA,"Transit","2017",194
"109","Bus (public transit)",NA,NA,NA,"Transit","2017",3495
"110","Bus (public transit)",NA,NA,NA,"Transit","2021",304
"111","Car from work","Carshare service (e.g., Turo, Zipcar, ReachNow)","Missing: Skip Logic",NA,"Drive HOV2","2019",2
"112","Car from work","Carshare service (e.g., Turo, Zipcar, ReachNow)","Missing: Skip Logic",NA,"Drive HOV3+","2019",2
"113","Car from work","Carshare service (e.g., Turo, Zipcar, ReachNow)","Missing: Skip Logic",NA,"Drive SOV","2019",2
"114","Car from work","Ferry or water taxi","Missing: Skip Logic",NA,"Transit","2019",1
"115","Car from work","Friend/colleague's car","Missing Response","Missing Response","Drive HOV2","2023",1
"116","Car from work","Household vehicle 1","Friend/colleague's car","Missing Response","Drive HOV2","2023",1
"117","Car from work","Household vehicle 1","Missing: Skip Logic",NA,"Drive HOV3+","2019",2
"118","Car from work","Household vehicle 2","Missing Response","Missing Response","Drive SOV","2023",3
"119","Car from work","Missing Response","Missing Response","Missing Response","Drive HOV2","2023",48
"120","Car from work","Missing Response","Missing Response","Missing Response","Drive HOV3+","2023",36
"121","Car from work","Missing Response","Missing Response","Missing Response","Drive SOV","2023",806
"122","Car from work","Missing: Skip Logic","Missing: Skip Logic","Missing: Skip Logic","Drive HOV3+","2019",5
"123","Car from work","Missing: Skip Logic","Missing: Skip Logic",NA,"Drive HOV2","2019",214
"124","Car from work","Missing: Skip Logic","Missing: Skip Logic",NA,"Drive HOV3+","2019",115
"125","Car from work","Missing: Skip Logic","Missing: Skip Logic",NA,"Drive SOV","2019",414
"126","Car from work","Other non-household vehicle","Missing: Skip Logic",NA,"Drive HOV2","2019",21
"127","Car from work","Other non-household vehicle","Missing: Skip Logic",NA,"Drive SOV","2019",10
"128","Car from work","Other non-household vehicle",NA,NA,"Drive HOV3+","2017",5
"129","Car from work","Other vehicle in household","Missing: Skip Logic",NA,"Drive SOV","2019",1
"130","Car from work","Walk (or jog/wheelchair)",NA,NA,"Drive HOV2","2017",1
"131","Car from work",NA,NA,NA,"Drive HOV2","2017",116
"132","Car from work",NA,NA,NA,"Drive HOV2","2021",10
"133","Car from work",NA,NA,NA,"Drive HOV3+","2017",75
"134","Car from work",NA,NA,NA,"Drive HOV3+","2021",8
"135","Car from work",NA,NA,NA,"Drive SOV","2017",393
"136","Car from work",NA,NA,NA,"Drive SOV","2021",61
"137","Carshare service (e.g., Turo, Zipcar, Getaround, GIG)","Car from work","Household vehicle 2","Missing Response","Drive SOV","2023",1
"138","Carshare service (e.g., Turo, Zipcar, Getaround, GIG)","Friend/colleague's car","Missing Response","Missing Response","Drive SOV","2023",1
"139","Carshare service (e.g., Turo, Zipcar, Getaround, GIG)","Household vehicle 1","Missing Response","Missing Response","Drive SOV","2023",1
"140","Carshare service (e.g., Turo, Zipcar, Getaround, GIG)","Household vehicle 2","Missing Response","Missing Response","Drive SOV","2023",1
"141","Carshare service (e.g., Turo, Zipcar, Getaround, GIG)","Missing Response","Missing Response","Missing Response","Drive HOV2","2023",12
"142","Carshare service (e.g., Turo, Zipcar, Getaround, GIG)","Missing Response","Missing Response","Missing Response","Drive HOV3+","2023",6
"143","Carshare service (e.g., Turo, Zipcar, Getaround, GIG)","Missing Response","Missing Response","Missing Response","Drive SOV","2023",22
"144","Carshare service (e.g., Turo, Zipcar, Getaround, GIG)","Other vehicle in household","Carshare service (e.g., Turo, Zipcar, Getaround, GIG)","Missing Response","Drive HOV2","2023",1
"145","Carshare service (e.g., Turo, Zipcar, ReachNow)","Bicycle or e-bike (rSurvey only)",NA,NA,"Drive SOV","2017",1
"146","Carshare service (e.g., Turo, Zipcar, ReachNow)","Friend/colleague's car","Missing: Skip Logic",NA,"Drive HOV3+","2019",1
"147","Carshare service (e.g., Turo, Zipcar, ReachNow)","Household vehicle 2",NA,NA,"Drive HOV3+","2017",2
"148","Carshare service (e.g., Turo, Zipcar, ReachNow)","Missing: Skip Logic","Missing: Skip Logic","Missing: Skip Logic","Drive HOV3+","2019",1
"149","Carshare service (e.g., Turo, Zipcar, ReachNow)","Missing: Skip Logic","Missing: Skip Logic","Missing: Skip Logic","Drive SOV","2019",1
"150","Carshare service (e.g., Turo, Zipcar, ReachNow)","Missing: Skip Logic","Missing: Skip Logic",NA,"Drive HOV2","2019",105
"151","Carshare service (e.g., Turo, Zipcar, ReachNow)","Missing: Skip Logic","Missing: Skip Logic",NA,"Drive HOV3+","2019",37
"152","Carshare service (e.g., Turo, Zipcar, ReachNow)","Missing: Skip Logic","Missing: Skip Logic",NA,"Drive SOV","2019",115
"153","Carshare service (e.g., Turo, Zipcar, ReachNow)","Other non-household vehicle","Missing: Skip Logic",NA,"Drive SOV","2019",1
"154","Carshare service (e.g., Turo, Zipcar, ReachNow)",NA,NA,NA,"Drive HOV2","2017",66
"155","Carshare service (e.g., Turo, Zipcar, ReachNow)",NA,NA,NA,"Drive HOV3+","2017",18
"156","Carshare service (e.g., Turo, Zipcar, ReachNow)",NA,NA,NA,"Drive SOV","2017",55
"157","Commuter rail (Sounder, Amtrak)","Bus (public transit)","Missing Response","Missing Response","Transit","2023",1
"158","Commuter rail (Sounder, Amtrak)","Bus (public transit)","Missing: Skip Logic",NA,"Transit","2019",2
"159","Commuter rail (Sounder, Amtrak)","Commuter rail (Sounder, Amtrak)","Missing: Skip Logic",NA,"Transit","2019",1
"160","Commuter rail (Sounder, Amtrak)","Missing Response","Missing Response","Missing Response","Transit","2023",5
"161","Commuter rail (Sounder, Amtrak)","Missing: Skip Logic","Missing: Skip Logic","Missing: Skip Logic","Transit","2019",2
"162","Commuter rail (Sounder, Amtrak)","Missing: Skip Logic","Missing: Skip Logic",NA,"Transit","2019",121
"163","Commuter rail (Sounder, Amtrak)","Other rail (e.g., streetcar)","Missing: Skip Logic",NA,"Transit","2019",3
"164","Commuter rail (Sounder, Amtrak)","Urban Rail (e.g., Link light rail, monorail)","Missing: Skip Logic",NA,"Transit","2019",8
"165","Commuter rail (Sounder, Amtrak)","Walk (or jog/wheelchair)","Bus (public transit)",NA,"Transit","2017",4
"166","Commuter rail (Sounder, Amtrak)","Walk (or jog/wheelchair)",NA,NA,"Transit","2017",1
"167","Commuter rail (Sounder, Amtrak)",NA,NA,NA,"Transit","2017",39
"168","Commuter rail (Sounder, Amtrak)",NA,NA,NA,"Transit","2021",11
"169","Electric bicycle (my household's)","Missing Response","Missing Response","Missing Response","Bike/Micromobility","2023",423
"170","Electric bicycle (my household's)","Walk (or jog/wheelchair)","Missing Response","Missing Response","Bike/Micromobility","2023",3
"171","Ferry or water taxi","Bicycle or e-bike (rSurvey only)",NA,NA,"Transit","2017",2
"172","Ferry or water taxi","Bicycle owned by my household (rMove only)","Missing: Skip Logic","Missing: Skip Logic","Transit","2019",5
"173","Ferry or water taxi","Bus (public transit)","Household vehicle 6","Bus (public transit)","Transit","2023",1
"174","Ferry or water taxi","Bus (public transit)","Missing Response","Missing Response","Transit","2023",5
"175","Ferry or water taxi","Bus (public transit)","Missing: Skip Logic",NA,"Transit","2019",6
"176","Ferry or water taxi","Friend/colleague's car","Household vehicle 1",NA,"Transit","2017",1
"177","Ferry or water taxi","Friend/colleague's car","Missing Response","Missing Response","Transit","2023",1
"178","Ferry or water taxi","Friend/colleague's car",NA,NA,"Transit","2017",3
"179","Ferry or water taxi","Household vehicle 1","Missing: Skip Logic",NA,"Transit","2019",1
"180","Ferry or water taxi","Household vehicle 1",NA,NA,"Transit","2017",6
"181","Ferry or water taxi","Household vehicle 2",NA,NA,"Transit","2017",5
"182","Ferry or water taxi","Household vehicle 6","Ferry or water taxi","Bus (public transit)","Transit","2023",1
"183","Ferry or water taxi","Household vehicle 9","Bus (public transit)","Missing Response","Transit","2023",2
"184","Ferry or water taxi","Missing Response","Missing Response","Missing Response","Transit","2023",13
"185","Ferry or water taxi","Missing: Skip Logic","Missing: Skip Logic","Missing: Skip Logic","Transit","2019",4
"186","Ferry or water taxi","Missing: Skip Logic","Missing: Skip Logic",NA,"Transit","2019",299
"187","Ferry or water taxi","Private bus or shuttle","Missing: Skip Logic",NA,"Transit","2019",2
"188","Ferry or water taxi","School bus","Missing: Skip Logic",NA,"Transit","2019",1
"189","Ferry or water taxi","Urban Rail (e.g., Link light rail, monorail)","Missing: Skip Logic",NA,"Transit","2019",1
"190","Ferry or water taxi",NA,NA,NA,"Transit","2017",118
"191","Ferry or water taxi",NA,NA,NA,"Transit","2021",20
"192","Friend/colleague's car","Bus (public transit)",NA,NA,"Transit","2017",1
"193","Friend/colleague's car","Ferry or water taxi","Friend/colleague's car",NA,"Transit","2017",2
"194","Friend/colleague's car","Ferry or water taxi","Missing: Skip Logic",NA,"Transit","2019",2
"195","Friend/colleague's car","Ferry or water taxi",NA,NA,"Transit","2017",4
"196","Friend/colleague's car","Household vehicle 1","Missing Response","Missing Response","Drive SOV","2023",2
"197","Friend/colleague's car","Household vehicle 1","Missing: Skip Logic",NA,"Drive HOV3+","2019",4
"198","Friend/colleague's car","Household vehicle 2","Missing Response","Missing Response","Drive HOV2","2023",1
"199","Friend/colleague's car","Household vehicle 2","Missing: Skip Logic",NA,"Drive HOV2","2019",1
"200","Friend/colleague's car","Household vehicle 2","Missing: Skip Logic",NA,"Drive HOV3+","2019",1
"201","Friend/colleague's car","Household vehicle 3","Missing: Skip Logic",NA,"Drive HOV2","2019",1
"202","Friend/colleague's car","Missing Response","Missing Response","Missing Response","Drive HOV2","2023",768
"203","Friend/colleague's car","Missing Response","Missing Response","Missing Response","Drive HOV3+","2023",527
"204","Friend/colleague's car","Missing Response","Missing Response","Missing Response","Drive SOV","2023",149
"205","Friend/colleague's car","Missing: Skip Logic","Missing: Skip Logic","Missing: Skip Logic","Drive HOV2","2019",1
"206","Friend/colleague's car","Missing: Skip Logic","Missing: Skip Logic","Missing: Skip Logic","Drive HOV3+","2019",5
"207","Friend/colleague's car","Missing: Skip Logic","Missing: Skip Logic","Missing: Skip Logic","Drive SOV","2019",5
"208","Friend/colleague's car","Missing: Skip Logic","Missing: Skip Logic",NA,"Drive HOV2","2019",1063
"209","Friend/colleague's car","Missing: Skip Logic","Missing: Skip Logic",NA,"Drive HOV3+","2019",941
"210","Friend/colleague's car","Missing: Skip Logic","Missing: Skip Logic",NA,"Drive SOV","2019",168
"211","Friend/colleague's car","Other motorcycle/moped","Missing: Skip Logic",NA,"Drive HOV3+","2019",1
"212","Friend/colleague's car","Other non-household vehicle","Missing Response","Missing Response","Drive HOV2","2023",2
"213","Friend/colleague's car","Other non-household vehicle","Missing Response","Missing Response","Drive HOV3+","2023",7
"214","Friend/colleague's car","Other non-household vehicle","Missing: Skip Logic",NA,"Drive HOV2","2019",1
"215","Friend/colleague's car","Other non-household vehicle","Missing: Skip Logic",NA,"Drive HOV3+","2019",1
"216","Friend/colleague's car","Other non-household vehicle","Missing: Skip Logic",NA,"Drive SOV","2019",2
"217","Friend/colleague's car","Other vehicle in household","Missing: Skip Logic",NA,"Drive HOV2","2019",1
"218","Friend/colleague's car","Other vehicle in household","Missing: Skip Logic",NA,"Drive HOV3+","2019",2
"219","Friend/colleague's car","Other vehicle in household",NA,NA,"Drive HOV2","2017",1
"220","Friend/colleague's car","Rental car","Missing: Skip Logic",NA,"Drive HOV2","2019",4
"221","Friend/colleague's car","Rental car","Missing: Skip Logic",NA,"Drive HOV3+","2019",2
"222","Friend/colleague's car","Skateboard or rollerblade","Missing Response","Missing Response","Drive HOV2","2023",1
"223","Friend/colleague's car","Taxi (e.g., Yellow Cab)","Missing: Skip Logic",NA,"Drive HOV3+","2019",1
"224","Friend/colleague's car","Walk (or jog/wheelchair)","Urban Rail (e.g., Link light rail, monorail)",NA,"Transit","2017",1
"225","Friend/colleague's car","Walk (or jog/wheelchair)",NA,NA,"Drive HOV2","2017",8
"226","Friend/colleague's car","Walk (or jog/wheelchair)",NA,NA,"Drive HOV3+","2017",2
"227","Friend/colleague's car","Walk (or jog/wheelchair)",NA,NA,"Drive SOV","2017",1
"228","Friend/colleague's car",NA,NA,NA,"Drive HOV2","2017",677
"229","Friend/colleague's car",NA,NA,NA,"Drive HOV2","2021",107
"230","Friend/colleague's car",NA,NA,NA,"Drive HOV3+","2017",474
"231","Friend/colleague's car",NA,NA,NA,"Drive HOV3+","2021",71
"232","Friend/colleague's car",NA,NA,NA,"Drive SOV","2017",84
"233","Friend/colleague's car",NA,NA,NA,"Drive SOV","2021",18
"234","Household vehicle 1","Bicycle or e-bike (rSurvey only)",NA,NA,"Drive HOV3+","2017",2
"235","Household vehicle 1","Bicycle or e-bike (rSurvey only)",NA,NA,"Drive SOV","2017",3
"236","Household vehicle 1","Bus (public transit)",NA,NA,"Transit","2017",5
"237","Household vehicle 1","Car from work","Missing Response","Missing Response","Drive SOV","2023",8
"238","Household vehicle 1","Car from work","Missing: Skip Logic",NA,"Drive HOV3+","2019",4
"239","Household vehicle 1","Car from work","Missing: Skip Logic",NA,"Drive SOV","2019",2
"240","Household vehicle 1","Car from work",NA,NA,"Drive HOV3+","2017",3
"241","Household vehicle 1","Car from work",NA,NA,"Drive SOV","2017",10
"242","Household vehicle 1","Commuter rail (Sounder, Amtrak)","Missing: Skip Logic",NA,"Transit","2019",2
"243","Household vehicle 1","Ferry or water taxi","Missing: Skip Logic","Missing: Skip Logic","Transit","2019",1
"244","Household vehicle 1","Ferry or water taxi",NA,NA,"Transit","2017",14
"245","Household vehicle 1","Friend/colleague's car","Household vehicle 1","Missing Response","Drive HOV3+","2023",2
"246","Household vehicle 1","Friend/colleague's car","Missing Response","Missing Response","Drive HOV2","2023",6
"247","Household vehicle 1","Friend/colleague's car","Missing Response","Missing Response","Drive HOV3+","2023",4
"248","Household vehicle 1","Friend/colleague's car","Missing Response","Missing Response","Drive SOV","2023",2
"249","Household vehicle 1","Friend/colleague's car","Missing: Skip Logic",NA,"Drive HOV3+","2019",1
"250","Household vehicle 1","Household vehicle 1","Missing: Skip Logic",NA,"Drive HOV2","2019",1
"251","Household vehicle 1","Household vehicle 1",NA,NA,"Drive HOV3+","2017",2
"252","Household vehicle 1","Household vehicle 2","Missing Response","Missing Response","Drive HOV2","2023",4
"253","Household vehicle 1","Household vehicle 2","Missing Response","Missing Response","Drive HOV3+","2023",4
"254","Household vehicle 1","Household vehicle 2","Missing Response","Missing Response","Drive SOV","2023",3
"255","Household vehicle 1","Household vehicle 2","Missing: Skip Logic",NA,"Drive HOV2","2019",1
"256","Household vehicle 1","Household vehicle 2","Missing: Skip Logic",NA,"Drive HOV3+","2019",5
"257","Household vehicle 1","Household vehicle 2","Missing: Skip Logic",NA,"Drive SOV","2019",1
"258","Household vehicle 1","Household vehicle 3","Missing: Skip Logic",NA,"Drive SOV","2019",1
"259","Household vehicle 1","Household vehicle 6","Bus (public transit)","Missing Response","Transit","2023",1
"260","Household vehicle 1","Missing Response","Missing Response","Missing Response","Drive HOV2","2023",6593
"261","Household vehicle 1","Missing Response","Missing Response","Missing Response","Drive HOV3+","2023",4307
"262","Household vehicle 1","Missing Response","Missing Response","Missing Response","Drive SOV","2023",13054
"263","Household vehicle 1","Missing: Skip Logic","Missing: Skip Logic","Missing: Skip Logic","Drive HOV2","2019",13
"264","Household vehicle 1","Missing: Skip Logic","Missing: Skip Logic","Missing: Skip Logic","Drive HOV3+","2019",33
"265","Household vehicle 1","Missing: Skip Logic","Missing: Skip Logic","Missing: Skip Logic","Drive SOV","2019",43
"266","Household vehicle 1","Missing: Skip Logic","Missing: Skip Logic",NA,"Drive HOV2","2019",8344
"267","Household vehicle 1","Missing: Skip Logic","Missing: Skip Logic",NA,"Drive HOV3+","2019",6977
"268","Household vehicle 1","Missing: Skip Logic","Missing: Skip Logic",NA,"Drive SOV","2019",13114
"269","Household vehicle 1","Other hired service (Uber, Lyft, or other smartphone-app car service)","Missing Response","Missing Response","Drive HOV2","2023",2
"270","Household vehicle 1","Other hired service (Uber, Lyft, or other smartphone-app car service)","Missing Response","Missing Response","Drive SOV","2023",4
"271","Household vehicle 1","Other hired service (Uber, Lyft, or other smartphone-app car service)","Missing: Skip Logic",NA,"Drive HOV2","2019",1
"272","Household vehicle 1","Other hired service (Uber, Lyft, or other smartphone-app car service)","Missing: Skip Logic",NA,"Drive SOV","2019",1
"273","Household vehicle 1","Other non-household vehicle","Missing: Skip Logic",NA,"Drive SOV","2019",1
"274","Household vehicle 1","Other non-household vehicle","Segway or Onewheel/electric unicycle","Missing Response","Drive SOV","2023",1
"275","Household vehicle 1","Other non-household vehicle",NA,NA,"Drive HOV2","2017",2
"276","Household vehicle 1","Other non-household vehicle",NA,NA,"Drive SOV","2017",3
"277","Household vehicle 1","Other vehicle in household","Missing: Skip Logic",NA,"Drive SOV","2019",1
"278","Household vehicle 1","Private bus or shuttle","Missing: Skip Logic",NA,"Transit","2019",1
"279","Household vehicle 1","Rental car","Missing: Skip Logic",NA,"Drive HOV3+","2019",6
"280","Household vehicle 1","Scooter-share (e.g., Bird, Lime)","Missing Response","Missing Response","Drive HOV2","2023",2
"281","Household vehicle 1","Skateboard or rollerblade","Missing Response","Missing Response","Drive SOV","2023",2
"282","Household vehicle 1","Urban Rail (e.g., Link light rail, monorail)",NA,NA,"Transit","2017",5
"283","Household vehicle 1","Urban Rail (e.g., Link light rail, monorail, streetcar)","Bus (public transit)","Missing Response","Transit","2023",1
"284","Household vehicle 1","Walk (or jog/wheelchair)",NA,NA,"Drive HOV2","2017",30
"285","Household vehicle 1","Walk (or jog/wheelchair)",NA,NA,"Drive HOV3+","2017",6
"286","Household vehicle 1","Walk (or jog/wheelchair)",NA,NA,"Drive SOV","2017",46
"287","Household vehicle 1",NA,NA,NA,"Drive HOV2","2017",6789
"288","Household vehicle 1",NA,NA,NA,"Drive HOV2","2021",1722
"289","Household vehicle 1",NA,NA,NA,"Drive HOV3+","2017",3697
"290","Household vehicle 1",NA,NA,NA,"Drive HOV3+","2021",752
"291","Household vehicle 1",NA,NA,NA,"Drive SOV","2017",11476
"292","Household vehicle 1",NA,NA,NA,"Drive SOV","2021",3304
"293","Household vehicle 2","Bus (public transit)","Missing: Skip Logic",NA,"Transit","2019",1
"294","Household vehicle 2","Commuter rail (Sounder, Amtrak)",NA,NA,"Transit","2017",3
"295","Household vehicle 2","Ferry or water taxi","Missing: Skip Logic",NA,"Transit","2019",2
"296","Household vehicle 2","Friend/colleague's car","Missing: Skip Logic",NA,"Drive HOV3+","2019",1
"297","Household vehicle 2","Household vehicle 1","Missing Response","Missing Response","Drive HOV2","2023",2
"298","Household vehicle 2","Household vehicle 1","Missing Response","Missing Response","Drive HOV3+","2023",5
"299","Household vehicle 2","Household vehicle 1","Missing Response","Missing Response","Drive SOV","2023",5
"300","Household vehicle 2","Household vehicle 1","Missing: Skip Logic",NA,"Drive HOV2","2019",1
"301","Household vehicle 2","Household vehicle 1","Missing: Skip Logic",NA,"Drive HOV3+","2019",4
"302","Household vehicle 2","Household vehicle 1","Missing: Skip Logic",NA,"Drive SOV","2019",2
"303","Household vehicle 2","Household vehicle 3","Missing Response","Missing Response","Drive SOV","2023",1
"304","Household vehicle 2","Household vehicle 4","Missing Response","Missing Response","Drive SOV","2023",1
"305","Household vehicle 2","Missing Response","Missing Response","Missing Response","Drive HOV2","2023",2208
"306","Household vehicle 2","Missing Response","Missing Response","Missing Response","Drive HOV3+","2023",1553
"307","Household vehicle 2","Missing Response","Missing Response","Missing Response","Drive SOV","2023",3898
"308","Household vehicle 2","Missing: Skip Logic","Missing: Skip Logic","Missing: Skip Logic","Drive HOV3+","2019",17
"309","Household vehicle 2","Missing: Skip Logic","Missing: Skip Logic","Missing: Skip Logic","Drive SOV","2019",5
"310","Household vehicle 2","Missing: Skip Logic","Missing: Skip Logic",NA,"Drive HOV2","2019",2723
"311","Household vehicle 2","Missing: Skip Logic","Missing: Skip Logic",NA,"Drive HOV3+","2019",2306
"312","Household vehicle 2","Missing: Skip Logic","Missing: Skip Logic",NA,"Drive SOV","2019",4140
"313","Household vehicle 2","Walk (or jog/wheelchair)","Bus (public transit)",NA,"Transit","2017",2
"314","Household vehicle 2","Walk (or jog/wheelchair)","Ferry or water taxi","Urban Rail (e.g., Link light rail, monorail)","Transit","2017",8
"315","Household vehicle 2","Walk (or jog/wheelchair)","Ferry or water taxi",NA,"Transit","2017",1
"316","Household vehicle 2","Walk (or jog/wheelchair)",NA,NA,"Drive HOV2","2017",2
"317","Household vehicle 2","Walk (or jog/wheelchair)",NA,NA,"Drive SOV","2017",7
"318","Household vehicle 2",NA,NA,NA,"Drive HOV2","2017",1812
"319","Household vehicle 2",NA,NA,NA,"Drive HOV2","2021",581
"320","Household vehicle 2",NA,NA,NA,"Drive HOV3+","2017",1283
"321","Household vehicle 2",NA,NA,NA,"Drive HOV3+","2021",273
"322","Household vehicle 2",NA,NA,NA,"Drive SOV","2017",3634
"323","Household vehicle 2",NA,NA,NA,"Drive SOV","2021",1141
"324","Household vehicle 2",NA,NA,NA,"Missing Response","2023",1
"325","Household vehicle 3","Bus (public transit)","Missing: Skip Logic",NA,"Transit","2019",1
"326","Household vehicle 3","Household vehicle 1","Missing Response","Missing Response","Drive SOV","2023",3
"327","Household vehicle 3","Household vehicle 2","Missing Response","Missing Response","Drive HOV2","2023",2
"328","Household vehicle 3","Missing Response","Missing Response","Missing Response","Drive HOV2","2023",316
"329","Household vehicle 3","Missing Response","Missing Response","Missing Response","Drive HOV3+","2023",194
"330","Household vehicle 3","Missing Response","Missing Response","Missing Response","Drive SOV","2023",720
"331","Household vehicle 3","Missing: Skip Logic","Missing: Skip Logic","Missing: Skip Logic","Drive HOV3+","2019",2
"332","Household vehicle 3","Missing: Skip Logic","Missing: Skip Logic",NA,"Drive HOV2","2019",366
"333","Household vehicle 3","Missing: Skip Logic","Missing: Skip Logic",NA,"Drive HOV3+","2019",333
"334","Household vehicle 3","Missing: Skip Logic","Missing: Skip Logic",NA,"Drive SOV","2019",529
"335","Household vehicle 3","Other non-household vehicle","Missing: Skip Logic",NA,"Drive SOV","2019",1
"336","Household vehicle 3",NA,NA,NA,"Drive HOV2","2017",220
"337","Household vehicle 3",NA,NA,NA,"Drive HOV2","2021",62
"338","Household vehicle 3",NA,NA,NA,"Drive HOV3+","2017",52
"339","Household vehicle 3",NA,NA,NA,"Drive HOV3+","2021",29
"340","Household vehicle 3",NA,NA,NA,"Drive SOV","2017",446
"341","Household vehicle 3",NA,NA,NA,"Drive SOV","2021",256
"342","Household vehicle 4","Household vehicle 1","Missing Response","Missing Response","Drive HOV2","2023",1
"343","Household vehicle 4","Missing Response","Missing Response","Missing Response","Drive HOV2","2023",41
"344","Household vehicle 4","Missing Response","Missing Response","Missing Response","Drive HOV3+","2023",6
"345","Household vehicle 4","Missing Response","Missing Response","Missing Response","Drive SOV","2023",202
"346","Household vehicle 4","Missing: Skip Logic","Missing: Skip Logic","Missing: Skip Logic","Drive HOV2","2019",1
"347","Household vehicle 4","Missing: Skip Logic","Missing: Skip Logic","Missing: Skip Logic","Drive HOV3+","2019",1
"348","Household vehicle 4","Missing: Skip Logic","Missing: Skip Logic",NA,"Drive HOV2","2019",69
"349","Household vehicle 4","Missing: Skip Logic","Missing: Skip Logic",NA,"Drive HOV3+","2019",17
"350","Household vehicle 4","Missing: Skip Logic","Missing: Skip Logic",NA,"Drive SOV","2019",119
"351","Household vehicle 4",NA,NA,NA,"Drive HOV2","2017",27
"352","Household vehicle 4",NA,NA,NA,"Drive HOV2","2021",36
"353","Household vehicle 4",NA,NA,NA,"Drive HOV3+","2021",14
"354","Household vehicle 4",NA,NA,NA,"Drive SOV","2017",66
"355","Household vehicle 4",NA,NA,NA,"Drive SOV","2021",54
"356","Household vehicle 5","Missing Response","Missing Response","Missing Response","Drive HOV2","2023",49
"357","Household vehicle 5","Missing Response","Missing Response","Missing Response","Drive SOV","2023",27
"358","Household vehicle 5","Missing: Skip Logic","Missing: Skip Logic",NA,"Drive HOV2","2019",1
"359","Household vehicle 5","Missing: Skip Logic","Missing: Skip Logic",NA,"Drive HOV3+","2019",2
"360","Household vehicle 5","Missing: Skip Logic","Missing: Skip Logic",NA,"Drive SOV","2019",25
"361","Household vehicle 5",NA,NA,NA,"Drive HOV2","2021",8
"362","Household vehicle 5",NA,NA,NA,"Drive SOV","2021",3
"363","Household vehicle 6","Bus (public transit)","Missing Response","Missing Response","Transit","2023",3
"364","Household vehicle 6","Missing Response","Missing Response","Missing Response","Drive SOV","2023",4
"365","Household vehicle 6",NA,NA,NA,"Drive HOV2","2021",2
"366","Household vehicle 6",NA,NA,NA,"Drive SOV","2017",2
"367","Household vehicle 6",NA,NA,NA,"Drive SOV","2021",15
"368","Household vehicle 7","Missing Response","Missing Response","Missing Response","Drive SOV","2023",3
"369","Household vehicle 7","Missing: Skip Logic","Missing: Skip Logic",NA,"Drive SOV","2019",7
"370","Household vehicle 7",NA,NA,NA,"Drive SOV","2021",5
"371","Household vehicle 8","Missing Response","Missing Response","Missing Response","Drive SOV","2023",1
"372","Household vehicle 8",NA,NA,NA,"Drive SOV","2021",2
"373","Missing Response","Missing Response","Missing Response","Missing Response","Missing Response","2023",452
"374","Missing: Non-response","Missing: Skip Logic","Missing: Skip Logic","Missing: Skip Logic","Missing Response","2019",193
"375","Missing: Non-response","Missing: Skip Logic","Missing: Skip Logic",NA,"Missing Response","2019",20
"376","Missing: Non-response",NA,NA,NA,"Missing Response","2017",395
"377","Other bus (rMove only)","Bus (public transit)","Missing Response","Missing Response","Transit","2023",2
"378","Other bus (rMove only)","Bus (public transit)",NA,NA,"Transit","2017",1
"379","Other bus (rMove only)","Commuter rail (Sounder, Amtrak)","Missing: Skip Logic",NA,"Transit","2019",1
"380","Other bus (rMove only)","Household vehicle 6","Other bus (rMove only)","Missing Response","Transit","2023",1
"381","Other bus (rMove only)","Missing Response","Missing Response","Missing Response","Transit","2023",10
"382","Other bus (rMove only)","Missing: Skip Logic","Missing: Skip Logic",NA,"Transit","2019",35
"383","Other bus (rMove only)","Other vehicle in household","School bus",NA,"Transit","2017",1
"384","Other bus (rMove only)","Other vehicle in household",NA,NA,"Transit","2017",1
"385","Other bus (rMove only)","Private bus or shuttle","Missing: Skip Logic",NA,"Transit","2019",1
"386","Other bus (rMove only)","School bus","Missing Response","Missing Response","Transit","2023",2
"387","Other bus (rMove only)","Urban Rail (e.g., Link light rail, monorail)","Missing: Skip Logic",NA,"Transit","2019",1
"388","Other bus (rMove only)","Walk (or jog/wheelchair)",NA,NA,"Transit","2017",4
"389","Other bus (rMove only)",NA,NA,NA,"Transit","2017",94
"390","Other hired car service (e.g., black car, limo)","Missing Response","Missing Response","Missing Response","Drive HOV2","2023",2
"391","Other hired car service (e.g., black car, limo)","Missing Response","Missing Response","Missing Response","Drive SOV","2023",7
"392","Other hired service (Uber, Lyft, or other smartphone-app car service)","Bus (public transit)","Missing: Skip Logic",NA,"Transit","2019",1
"393","Other hired service (Uber, Lyft, or other smartphone-app car service)","Ferry or water taxi","Friend/colleague's car","Missing: Skip Logic","Transit","2019",1
"394","Other hired service (Uber, Lyft, or other smartphone-app car service)","Household vehicle 1",NA,NA,"Drive SOV","2017",3
"395","Other hired service (Uber, Lyft, or other smartphone-app car service)","Missing Response","Missing Response","Missing Response","Drive HOV2","2023",66
"396","Other hired service (Uber, Lyft, or other smartphone-app car service)","Missing Response","Missing Response","Missing Response","Drive HOV3+","2023",32
"397","Other hired service (Uber, Lyft, or other smartphone-app car service)","Missing Response","Missing Response","Missing Response","Drive SOV","2023",139
"398","Other hired service (Uber, Lyft, or other smartphone-app car service)","Missing: Skip Logic","Missing: Skip Logic","Missing: Skip Logic","Drive HOV2","2019",6
"399","Other hired service (Uber, Lyft, or other smartphone-app car service)","Missing: Skip Logic","Missing: Skip Logic","Missing: Skip Logic","Drive HOV3+","2019",1
"400","Other hired service (Uber, Lyft, or other smartphone-app car service)","Missing: Skip Logic","Missing: Skip Logic","Missing: Skip Logic","Drive SOV","2019",2
"401","Other hired service (Uber, Lyft, or other smartphone-app car service)","Missing: Skip Logic","Missing: Skip Logic",NA,"Drive HOV2","2019",356
"402","Other hired service (Uber, Lyft, or other smartphone-app car service)","Missing: Skip Logic","Missing: Skip Logic",NA,"Drive HOV3+","2019",256
"403","Other hired service (Uber, Lyft, or other smartphone-app car service)","Missing: Skip Logic","Missing: Skip Logic",NA,"Drive SOV","2019",462
"404","Other hired service (Uber, Lyft, or other smartphone-app car service)","Other non-household vehicle","Carshare service (e.g., Turo, Zipcar, Getaround, GIG)","Missing Response","Drive HOV3+","2023",1
"405","Other hired service (Uber, Lyft, or other smartphone-app car service)","Taxi (e.g., Yellow Cab)","Missing: Skip Logic",NA,"Drive HOV2","2019",1
"406","Other hired service (Uber, Lyft, or other smartphone-app car service)","Urban Rail (e.g., Link light rail, monorail)","Missing: Skip Logic",NA,"Transit","2019",2
"407","Other hired service (Uber, Lyft, or other smartphone-app car service)","Walk (or jog/wheelchair)",NA,NA,"Drive HOV2","2017",2
"408","Other hired service (Uber, Lyft, or other smartphone-app car service)","Walk (or jog/wheelchair)",NA,NA,"Drive HOV3+","2017",2
"409","Other hired service (Uber, Lyft, or other smartphone-app car service)","Walk (or jog/wheelchair)",NA,NA,"Drive SOV","2017",1
"410","Other hired service (Uber, Lyft, or other smartphone-app car service)",NA,NA,NA,"Drive HOV2","2017",190
"411","Other hired service (Uber, Lyft, or other smartphone-app car service)",NA,NA,NA,"Drive HOV2","2021",13
"412","Other hired service (Uber, Lyft, or other smartphone-app car service)",NA,NA,NA,"Drive HOV3+","2017",116
"413","Other hired service (Uber, Lyft, or other smartphone-app car service)",NA,NA,NA,"Drive SOV","2017",231
"414","Other hired service (Uber, Lyft, or other smartphone-app car service)",NA,NA,NA,"Drive SOV","2021",16
"415","Other mode (e.g., skateboard, kayak, motorhome, etc.)","Carshare service (e.g., Turo, Zipcar, ReachNow)",NA,NA,"Drive HOV3+","2017",1
"416","Other mode (e.g., skateboard, kayak, motorhome, etc.)","Missing Response","Missing Response","Missing Response","Bike/Micromobility","2023",145
"417","Other mode (e.g., skateboard, kayak, motorhome, etc.)","Missing: Skip Logic","Missing: Skip Logic","Missing: Skip Logic","Bike/Micromobility","2019",153
"418","Other mode (e.g., skateboard, kayak, motorhome, etc.)","Missing: Skip Logic","Missing: Skip Logic",NA,"Bike/Micromobility","2019",9
"419","Other mode (e.g., skateboard, kayak, motorhome, etc.)","Walk (or jog/wheelchair)","Missing Response","Missing Response","Bike/Micromobility","2023",8
"420","Other mode (e.g., skateboard, kayak, motorhome, etc.)",NA,NA,NA,"Bike/Micromobility","2017",104
"421","Other mode (e.g., skateboard, kayak, motorhome, etc.)",NA,NA,NA,"Bike/Micromobility","2021",45
"422","Other motorcycle (not my household's)","Missing Response","Missing Response","Missing Response","Drive HOV3+","2023",1
"423","Other motorcycle (not my household's)","Missing Response","Missing Response","Missing Response","Drive SOV","2023",2
"424","Other motorcycle in household","Missing Response","Missing Response","Missing Response","Drive HOV2","2023",6
"425","Other motorcycle in household","Missing Response","Missing Response","Missing Response","Drive HOV3+","2023",2
"426","Other motorcycle in household","Missing Response","Missing Response","Missing Response","Drive SOV","2023",10
"427","Other motorcycle/moped","Ferry or water taxi","Missing: Skip Logic",NA,"Transit","2019",1
"428","Other motorcycle/moped","Missing: Skip Logic","Missing: Skip Logic",NA,"Drive HOV2","2019",25
"429","Other motorcycle/moped","Missing: Skip Logic","Missing: Skip Logic",NA,"Drive HOV3+","2019",2
"430","Other motorcycle/moped","Missing: Skip Logic","Missing: Skip Logic",NA,"Drive SOV","2019",4
"431","Other motorcycle/moped",NA,NA,NA,"Drive SOV","2021",3
"432","Other motorcycle/moped/scooter","Other vehicle in household",NA,NA,"Drive HOV2","2017",2
"433","Other motorcycle/moped/scooter","Walk (or jog/wheelchair)",NA,NA,"Drive SOV","2017",1
"434","Other motorcycle/moped/scooter",NA,NA,NA,"Drive HOV2","2017",4
"435","Other motorcycle/moped/scooter",NA,NA,NA,"Drive HOV3+","2017",5
"436","Other motorcycle/moped/scooter",NA,NA,NA,"Drive SOV","2017",1
"437","Other non-household vehicle","Bus (public transit)",NA,NA,"Transit","2017",1
"438","Other non-household vehicle","Car from work","Missing Response","Missing Response","Drive SOV","2023",2
"439","Other non-household vehicle","Car from work","Missing: Skip Logic",NA,"Drive HOV2","2019",3
"440","Other non-household vehicle","Car from work","Missing: Skip Logic",NA,"Drive SOV","2019",1
"441","Other non-household vehicle","Commuter rail (Sounder, Amtrak)","Missing: Skip Logic",NA,"Transit","2019",1
"442","Other non-household vehicle","Friend/colleague's car","Missing Response","Missing Response","Drive HOV2","2023",7
"443","Other non-household vehicle","Friend/colleague's car","Missing Response","Missing Response","Drive HOV3+","2023",8
"444","Other non-household vehicle","Friend/colleague's car","Missing Response","Missing Response","Drive SOV","2023",5
"445","Other non-household vehicle","Household vehicle 1","Friend/colleague's car","Missing Response","Drive HOV2","2023",1
"446","Other non-household vehicle","Household vehicle 1","Missing Response","Missing Response","Drive HOV2","2023",1
"447","Other non-household vehicle","Household vehicle 1","Missing: Skip Logic",NA,"Drive HOV2","2019",5
"448","Other non-household vehicle","Household vehicle 1","Missing: Skip Logic",NA,"Drive SOV","2019",2
"449","Other non-household vehicle","Household vehicle 1",NA,NA,"Drive HOV2","2017",1
"450","Other non-household vehicle","Household vehicle 2","Missing Response","Missing Response","Drive SOV","2023",1
"451","Other non-household vehicle","Household vehicle 4","Commuter rail (Sounder, Amtrak)","Commuter rail (Sounder, Amtrak)","Transit","2023",1
"452","Other non-household vehicle","Household vehicle 4","Missing: Skip Logic",NA,"Drive SOV","2019",6
"453","Other non-household vehicle","Missing Response","Missing Response","Missing Response","Drive HOV2","2023",119
"454","Other non-household vehicle","Missing Response","Missing Response","Missing Response","Drive HOV3+","2023",113
"455","Other non-household vehicle","Missing Response","Missing Response","Missing Response","Drive SOV","2023",63
"456","Other non-household vehicle","Missing: Skip Logic","Missing: Skip Logic","Missing: Skip Logic","Drive HOV3+","2019",1
"457","Other non-household vehicle","Missing: Skip Logic","Missing: Skip Logic",NA,"Drive HOV2","2019",90
"458","Other non-household vehicle","Missing: Skip Logic","Missing: Skip Logic",NA,"Drive HOV3+","2019",67
"459","Other non-household vehicle","Missing: Skip Logic","Missing: Skip Logic",NA,"Drive SOV","2019",91
"460","Other non-household vehicle","Other vehicle in household","Household vehicle 1","Missing Response","Drive HOV3+","2023",1
"461","Other non-household vehicle","Other vehicle in household","Missing Response","Missing Response","Drive SOV","2023",1
"462","Other non-household vehicle","Rental car","Missing: Skip Logic",NA,"Drive SOV","2019",1
"463","Other non-household vehicle","Scooter-share (e.g., Bird, Lime)","Missing Response","Missing Response","Drive SOV","2023",1
"464","Other non-household vehicle","Walk (or jog/wheelchair)",NA,NA,"Drive HOV2","2017",1
"465","Other non-household vehicle",NA,NA,NA,"Drive HOV2","2017",59
"466","Other non-household vehicle",NA,NA,NA,"Drive HOV2","2021",30
"467","Other non-household vehicle",NA,NA,NA,"Drive HOV3+","2017",104
"468","Other non-household vehicle",NA,NA,NA,"Drive HOV3+","2021",7
"469","Other non-household vehicle",NA,NA,NA,"Drive SOV","2017",71
"470","Other non-household vehicle",NA,NA,NA,"Drive SOV","2021",42
"471","Other rail","Commuter rail (Sounder, Amtrak)","Missing Response","Missing Response","Transit","2023",2
"472","Other rail","Missing Response","Missing Response","Missing Response","Transit","2023",6
"473","Other rail (e.g., streetcar)","Missing: Skip Logic","Missing: Skip Logic",NA,"Transit","2019",76
"474","Other rail (e.g., streetcar)","Urban Rail (e.g., Link light rail, monorail)","Missing: Skip Logic",NA,"Transit","2019",2
"475","Other rail (e.g., streetcar)",NA,NA,NA,"Transit","2017",28
"476","Other rented bicycle","Missing Response","Missing Response","Missing Response","Bike/Micromobility","2023",2
"477","Other rented bicycle (rMove only)","Missing: Skip Logic","Missing: Skip Logic","Missing: Skip Logic","Bike/Micromobility","2019",2
"478","Other scooter, moped, skateboard","Missing Response","Missing Response","Missing Response","Bike/Micromobility","2023",5
"479","Other vehicle in household","Bus (public transit)","Missing Response","Missing Response","Transit","2023",1
"480","Other vehicle in household","Friend/colleague's car","Missing Response","Missing Response","Drive HOV3+","2023",2
"481","Other vehicle in household","Friend/colleague's car",NA,NA,"Drive HOV3+","2017",1
"482","Other vehicle in household","Household vehicle 1","Missing Response","Missing Response","Drive SOV","2023",4
"483","Other vehicle in household","Household vehicle 1","Missing: Skip Logic",NA,"Drive SOV","2019",1
"484","Other vehicle in household","Household vehicle 2","Missing Response","Missing Response","Drive HOV2","2023",2
"485","Other vehicle in household","Household vehicle 2","Missing Response","Missing Response","Drive HOV3+","2023",1
"486","Other vehicle in household","Household vehicle 3","Missing Response","Missing Response","Drive HOV3+","2023",2
"487","Other vehicle in household","Household vehicle 4","Missing: Skip Logic",NA,"Drive SOV","2019",1
"488","Other vehicle in household","Missing Response","Missing Response","Missing Response","Drive HOV2","2023",154
"489","Other vehicle in household","Missing Response","Missing Response","Missing Response","Drive HOV3+","2023",49
"490","Other vehicle in household","Missing Response","Missing Response","Missing Response","Drive SOV","2023",283
"491","Other vehicle in household","Missing: Skip Logic","Missing: Skip Logic","Missing: Skip Logic","Drive HOV3+","2019",9
"492","Other vehicle in household","Missing: Skip Logic","Missing: Skip Logic","Missing: Skip Logic","Drive SOV","2019",6
"493","Other vehicle in household","Missing: Skip Logic","Missing: Skip Logic",NA,"Drive HOV2","2019",510
"494","Other vehicle in household","Missing: Skip Logic","Missing: Skip Logic",NA,"Drive HOV3+","2019",403
"495","Other vehicle in household","Missing: Skip Logic","Missing: Skip Logic",NA,"Drive SOV","2019",344
"496","Other vehicle in household","Other hired service (Uber, Lyft, or other smartphone-app car service)","Missing Response","Missing Response","Drive HOV2","2023",1
"497","Other vehicle in household","Other hired service (Uber, Lyft, or other smartphone-app car service)","Missing: Skip Logic",NA,"Drive HOV2","2019",1
"498","Other vehicle in household","Other hired service (Uber, Lyft, or other smartphone-app car service)","Missing: Skip Logic",NA,"Drive SOV","2019",1
"499","Other vehicle in household","Other non-household vehicle","Missing: Skip Logic",NA,"Drive SOV","2019",1
"500","Other vehicle in household","Walk (or jog/wheelchair)","Bus (public transit)",NA,"Transit","2017",1
"501","Other vehicle in household","Walk (or jog/wheelchair)",NA,NA,"Drive HOV2","2017",7
"502","Other vehicle in household","Walk (or jog/wheelchair)",NA,NA,"Drive HOV3+","2017",6
"503","Other vehicle in household","Walk (or jog/wheelchair)",NA,NA,"Drive SOV","2017",2
"504","Other vehicle in household",NA,NA,NA,"Drive HOV2","2017",312
"505","Other vehicle in household",NA,NA,NA,"Drive HOV2","2021",61
"506","Other vehicle in household",NA,NA,NA,"Drive HOV3+","2017",210
"507","Other vehicle in household",NA,NA,NA,"Drive HOV3+","2021",40
"508","Other vehicle in household",NA,NA,NA,"Drive SOV","2017",186
"509","Other vehicle in household",NA,NA,NA,"Drive SOV","2021",125
"510","Other vehicle in household",NA,NA,NA,"Missing Response","2023",13
"511","Paratransit","Bus (public transit)","Household vehicle 9","Household vehicle 6","Transit","2023",1
"512","Paratransit","Bus (public transit)","Missing Response","Missing Response","Transit","2023",1
"513","Paratransit","Household vehicle 6","Friend/colleague's car","Bus (public transit)","Transit","2023",1
"514","Paratransit","Missing Response","Missing Response","Missing Response","Transit","2023",25
"515","Paratransit","Missing: Skip Logic","Missing: Skip Logic",NA,"Transit","2019",32
"516","Paratransit","Other bus (rMove only)",NA,NA,"Transit","2017",2
"517","Paratransit",NA,NA,NA,"Transit","2017",15
"518","Paratransit",NA,NA,NA,"Transit","2021",8
"519","Personal scooter or moped (not shared)","Missing Response","Missing Response","Missing Response","Bike/Micromobility","2023",73
"520","Private bus or shuttle","Bus (public transit)","Missing Response","Missing Response","Transit","2023",8
"521","Private bus or shuttle","Bus (public transit)","Missing: Skip Logic",NA,"Transit","2019",2
"522","Private bus or shuttle","Commuter rail (Sounder, Amtrak)","Missing Response","Missing Response","Transit","2023",1
"523","Private bus or shuttle","Ferry or water taxi","Missing: Skip Logic",NA,"Transit","2019",1
"524","Private bus or shuttle","Household vehicle 1","Missing: Skip Logic",NA,"Transit","2019",3
"525","Private bus or shuttle","Missing Response","Missing Response","Missing Response","Transit","2023",121
"526","Private bus or shuttle","Missing: Skip Logic","Missing: Skip Logic","Missing: Skip Logic","Transit","2019",7
"527","Private bus or shuttle","Missing: Skip Logic","Missing: Skip Logic",NA,"Transit","2019",341
"528","Private bus or shuttle","Other bus (rMove only)","Missing: Skip Logic",NA,"Transit","2019",1
"529","Private bus or shuttle","Private bus or shuttle","Missing: Skip Logic",NA,"Transit","2019",1
"530","Private bus or shuttle","Urban Rail (e.g., Link light rail, monorail)","Missing: Skip Logic",NA,"Transit","2019",2
"531","Private bus or shuttle","Urban Rail (e.g., Link light rail, monorail)",NA,NA,"Transit","2017",1
"532","Private bus or shuttle","Walk (or jog/wheelchair)",NA,NA,"Transit","2017",2
"533","Private bus or shuttle",NA,NA,NA,"Transit","2017",161
"534","Private bus or shuttle",NA,NA,NA,"Transit","2021",24
"535","Rental car","Car from work","Household vehicle 1","Missing Response","Drive HOV3+","2023",1
"536","Rental car","Car from work","Missing Response","Missing Response","Drive HOV2","2023",5
"537","Rental car","Car from work","Missing Response","Missing Response","Drive HOV3+","2023",2
"538","Rental car","Car from work","Missing Response","Missing Response","Drive SOV","2023",6
"539","Rental car","Friend/colleague's car","Missing Response","Missing Response","Drive HOV3+","2023",4
"540","Rental car","Friend/colleague's car",NA,NA,"Drive HOV2","2017",1
"541","Rental car","Household vehicle 1","Missing: Skip Logic",NA,"Drive HOV3+","2019",4
"542","Rental car","Missing Response","Missing Response","Missing Response","Drive HOV2","2023",85
"543","Rental car","Missing Response","Missing Response","Missing Response","Drive HOV3+","2023",62
"544","Rental car","Missing Response","Missing Response","Missing Response","Drive SOV","2023",146
"545","Rental car","Missing: Skip Logic","Missing: Skip Logic","Missing: Skip Logic","Drive HOV3+","2019",1
"546","Rental car","Missing: Skip Logic","Missing: Skip Logic","Missing: Skip Logic","Drive SOV","2019",1
"547","Rental car","Missing: Skip Logic","Missing: Skip Logic",NA,"Drive HOV2","2019",132
"548","Rental car","Missing: Skip Logic","Missing: Skip Logic",NA,"Drive HOV3+","2019",124
"549","Rental car","Missing: Skip Logic","Missing: Skip Logic",NA,"Drive SOV","2019",241
"550","Rental car","Other hired service (Uber, Lyft, or other smartphone-app car service)","Missing: Skip Logic",NA,"Drive SOV","2019",1
"551","Rental car","Other non-household vehicle","Missing: Skip Logic",NA,"Drive SOV","2019",4
"552","Rental car",NA,NA,NA,"Drive HOV2","2017",135
"553","Rental car",NA,NA,NA,"Drive HOV2","2021",2
"554","Rental car",NA,NA,NA,"Drive HOV3+","2017",91
"555","Rental car",NA,NA,NA,"Drive HOV3+","2021",11
"556","Rental car",NA,NA,NA,"Drive SOV","2017",144
"557","Rental car",NA,NA,NA,"Drive SOV","2021",6
"558","School bus","Bus (public transit)","Missing Response","Missing Response","Transit","2023",1
"559","School bus","Missing Response","Missing Response","Missing Response","Transit","2023",307
"560","School bus","Missing: Skip Logic","Missing: Skip Logic",NA,"Transit","2019",343
"561","School bus",NA,NA,NA,"Transit","2017",353
"562","School bus",NA,NA,NA,"Transit","2021",34
"563","Scooter or e-scooter (e.g., Lime, Bird, Razor)","Missing: Skip Logic","Missing: Skip Logic",NA,"Bike/Micromobility","2019",21
"564","Scooter or e-scooter (e.g., Lime, Bird, Razor)","Other motorcycle/moped","Missing: Skip Logic",NA,"Drive HOV3+","2019",2
"565","Scooter or e-scooter (e.g., Lime, Bird, Razor)","Other motorcycle/moped","Missing: Skip Logic",NA,"Drive SOV","2019",1
"566","Scooter or e-scooter (e.g., Lime, Bird, Razor)",NA,NA,NA,"Bike/Micromobility","2021",6
"567","Scooter-share (e.g., Bird, Lime)","Friend/colleague's car","Missing Response","Missing Response","Drive HOV3+","2023",1
"568","Scooter-share (e.g., Bird, Lime)","Friend/colleague's car","Missing Response","Missing Response","Drive SOV","2023",1
"569","Scooter-share (e.g., Bird, Lime)","Missing Response","Missing Response","Missing Response","Bike/Micromobility","2023",80
"570","Scooter-share (e.g., Bird, Lime)","Other hired service (Uber, Lyft, or other smartphone-app car service)","Missing Response","Missing Response","Bike/Micromobility","2023",3
"571","Segway or Onewheel/electric unicycle","Missing Response","Missing Response","Missing Response","Bike/Micromobility","2023",10
"572","Segway or Onewheel/electric unicycle","Other rail","Missing Response","Missing Response","Transit","2023",1
"573","Skateboard or rollerblade","Missing Response","Missing Response","Missing Response","Bike/Micromobility","2023",18
"574","Standard bicycle (my household's)","Missing Response","Missing Response","Missing Response","Bike/Micromobility","2023",645
"575","Standard bicycle (my household's)","Walk (or jog/wheelchair)","Missing Response","Missing Response","Bike/Micromobility","2023",22
"576","Taxi (e.g., Yellow Cab)","Missing Response","Missing Response","Missing Response","Drive HOV2","2023",4
"577","Taxi (e.g., Yellow Cab)","Missing Response","Missing Response","Missing Response","Drive HOV3+","2023",2
"578","Taxi (e.g., Yellow Cab)","Missing Response","Missing Response","Missing Response","Drive SOV","2023",4
"579","Taxi (e.g., Yellow Cab)","Missing: Skip Logic","Missing: Skip Logic","Missing: Skip Logic","Drive SOV","2019",2
"580","Taxi (e.g., Yellow Cab)","Missing: Skip Logic","Missing: Skip Logic",NA,"Drive HOV2","2019",21
"581","Taxi (e.g., Yellow Cab)","Missing: Skip Logic","Missing: Skip Logic",NA,"Drive HOV3+","2019",8
"582","Taxi (e.g., Yellow Cab)","Missing: Skip Logic","Missing: Skip Logic",NA,"Drive SOV","2019",15
"583","Taxi (e.g., Yellow Cab)","Other hired service (Uber, Lyft, or other smartphone-app car service)",NA,NA,"Drive HOV2","2017",1
"584","Taxi (e.g., Yellow Cab)","Walk (or jog/wheelchair)",NA,NA,"Drive HOV2","2017",1
"585","Taxi (e.g., Yellow Cab)",NA,NA,NA,"Drive HOV2","2017",19
"586","Taxi (e.g., Yellow Cab)",NA,NA,NA,"Drive HOV2","2021",6
"587","Taxi (e.g., Yellow Cab)",NA,NA,NA,"Drive HOV3+","2017",20
"588","Taxi (e.g., Yellow Cab)",NA,NA,NA,"Drive HOV3+","2021",3
"589","Taxi (e.g., Yellow Cab)",NA,NA,NA,"Drive SOV","2017",19
"590","Urban Rail (e.g., Link light rail, monorail)","Bicycle or e-bike (rSurvey only)",NA,NA,"Transit","2017",2
"591","Urban Rail (e.g., Link light rail, monorail)","Bus (public transit)","Missing: Skip Logic",NA,"Transit","2019",38
"592","Urban Rail (e.g., Link light rail, monorail)","Bus (public transit)","Urban Rail (e.g., Link light rail, monorail)","Bus (public transit)","Transit","2019",1
"593","Urban Rail (e.g., Link light rail, monorail)","Bus (public transit)","Walk (or jog/wheelchair)",NA,"Transit","2017",14
"594","Urban Rail (e.g., Link light rail, monorail)","Bus (public transit)",NA,NA,"Transit","2017",6
"595","Urban Rail (e.g., Link light rail, monorail)","Carshare service (e.g., Turo, Zipcar, ReachNow)","Walk (or jog/wheelchair)",NA,"Transit","2017",1
"596","Urban Rail (e.g., Link light rail, monorail)","Commuter rail (Sounder, Amtrak)","Bus (public transit)",NA,"Transit","2017",1
"597","Urban Rail (e.g., Link light rail, monorail)","Commuter rail (Sounder, Amtrak)","Missing: Skip Logic",NA,"Transit","2019",2
"598","Urban Rail (e.g., Link light rail, monorail)","Commuter rail (Sounder, Amtrak)",NA,NA,"Transit","2017",2
"599","Urban Rail (e.g., Link light rail, monorail)","Ferry or water taxi","Walk (or jog/wheelchair)","Household vehicle 2","Transit","2017",1
"600","Urban Rail (e.g., Link light rail, monorail)","Household vehicle 1","Missing: Skip Logic",NA,"Transit","2019",1
"601","Urban Rail (e.g., Link light rail, monorail)","Missing: Skip Logic","Missing: Skip Logic","Missing: Skip Logic","Transit","2019",11
"602","Urban Rail (e.g., Link light rail, monorail)","Missing: Skip Logic","Missing: Skip Logic",NA,"Transit","2019",1121
"603","Urban Rail (e.g., Link light rail, monorail)","Other hired service (Uber, Lyft, or other smartphone-app car service)","Missing: Skip Logic",NA,"Transit","2019",1
"604","Urban Rail (e.g., Link light rail, monorail)","Other hired service (Uber, Lyft, or other smartphone-app car service)",NA,NA,"Transit","2017",1
"605","Urban Rail (e.g., Link light rail, monorail)","Other rail (e.g., streetcar)","Missing: Skip Logic",NA,"Transit","2019",2
"606","Urban Rail (e.g., Link light rail, monorail)","Other vehicle in household","Missing: Skip Logic",NA,"Transit","2019",1
"607","Urban Rail (e.g., Link light rail, monorail)","Private bus or shuttle","Missing: Skip Logic",NA,"Transit","2019",3
"608","Urban Rail (e.g., Link light rail, monorail)","Urban Rail (e.g., Link light rail, monorail)","Bus (public transit)",NA,"Transit","2017",2
"609","Urban Rail (e.g., Link light rail, monorail)","Urban Rail (e.g., Link light rail, monorail)","Missing: Skip Logic",NA,"Transit","2019",8
"610","Urban Rail (e.g., Link light rail, monorail)","Walk (or jog/wheelchair)","Bus (public transit)",NA,"Transit","2017",6
"611","Urban Rail (e.g., Link light rail, monorail)","Walk (or jog/wheelchair)","Friend/colleague's car",NA,"Transit","2017",1
"612","Urban Rail (e.g., Link light rail, monorail)","Walk (or jog/wheelchair)",NA,NA,"Transit","2017",47
"613","Urban Rail (e.g., Link light rail, monorail)",NA,NA,NA,"Transit","2017",569
"614","Urban Rail (e.g., Link light rail, monorail, streetcar)","Bus (public transit)","Household vehicle 1","Commuter rail (Sounder, Amtrak)","Transit","2023",1
"615","Urban Rail (e.g., Link light rail, monorail, streetcar)","Bus (public transit)","Missing Response","Missing Response","Transit","2023",4
"616","Urban Rail (e.g., Link light rail, monorail, streetcar)","Household vehicle 8","Bus (public transit)","Commuter rail (Sounder, Amtrak)","Transit","2023",1
"617","Urban Rail (e.g., Link light rail, monorail, streetcar)","Household vehicle 8","Bus (public transit)","Urban Rail (e.g., Link light rail, monorail, streetcar)","Transit","2023",5
"618","Urban Rail (e.g., Link light rail, monorail, streetcar)","Household vehicle 8","Other bus (rMove only)","Urban Rail (e.g., Link light rail, monorail, streetcar)","Transit","2023",1
"619","Urban Rail (e.g., Link light rail, monorail, streetcar)","Household vehicle 8","Urban Rail (e.g., Link light rail, monorail, streetcar)","Bus (public transit)","Transit","2023",1
"620","Urban Rail (e.g., Link light rail, monorail, streetcar)","Household vehicle 8","Urban Rail (e.g., Link light rail, monorail, streetcar)","Missing Response","Transit","2023",1
"621","Urban Rail (e.g., Link light rail, monorail, streetcar)","Missing Response","Missing Response","Missing Response","Transit","2023",126
"622","Urban Rail (e.g., Link light rail, monorail, streetcar)","Other hired service (Uber, Lyft, or other smartphone-app car service)","Household vehicle 6","Bus (public transit)","Transit","2023",1
"623","Urban Rail (e.g., Link light rail, monorail, streetcar)",NA,NA,NA,"Transit","2021",37
"624","Vanpool","Friend/colleague's car","Missing: Skip Logic",NA,"Transit","2019",2
"625","Vanpool","Household vehicle 1","Missing Response","Missing Response","Transit","2023",3
"626","Vanpool","Household vehicle 1","Missing: Skip Logic",NA,"Transit","2019",2
"627","Vanpool","Household vehicle 1",NA,NA,"Transit","2017",3
"628","Vanpool","Household vehicle 4","Missing Response","Missing Response","Transit","2023",2
"629","Vanpool","Missing Response","Missing Response","Missing Response","Transit","2023",11
"630","Vanpool","Missing: Skip Logic","Missing: Skip Logic","Missing: Skip Logic","Transit","2019",1
"631","Vanpool","Missing: Skip Logic","Missing: Skip Logic",NA,"Transit","2019",71
"632","Vanpool","Personal scooter or moped (not shared)","Missing Response","Missing Response","Transit","2023",1
"633","Vanpool","Taxi (e.g., Yellow Cab)","Missing: Skip Logic",NA,"Transit","2019",2
"634","Vanpool",NA,NA,NA,"Transit","2017",95
"635","Vanpool",NA,NA,NA,"Transit","2021",9
"636","Vehicle ferry (took vehicle on board)","Household vehicle 1","Bus (public transit)","Missing Response","Transit","2023",1
"637","Vehicle ferry (took vehicle on board)","Missing Response","Missing Response","Missing Response","Transit","2023",24
"638","Walk (or jog/wheelchair)","Bicycle or e-bike (rSurvey only)",NA,NA,"Bike/Micromobility","2017",1
"639","Walk (or jog/wheelchair)","Bicycle owned by my household (rMove only)","Missing: Skip Logic","Missing: Skip Logic","Bike/Micromobility","2019",59
"640","Walk (or jog/wheelchair)","Bike-share bicycle (rMove only)","Missing: Skip Logic","Missing: Skip Logic","Bike/Micromobility","2019",2
"641","Walk (or jog/wheelchair)","Borrowed bicycle (e.g., from a friend) (rMove only)","Missing: Skip Logic","Missing: Skip Logic","Bike/Micromobility","2019",2
"642","Walk (or jog/wheelchair)","Bus (public transit)","Bicycle or e-bike (rSurvey only)",NA,"Transit","2017",2
"643","Walk (or jog/wheelchair)","Bus (public transit)","Missing Response","Missing Response","Transit","2023",2
"644","Walk (or jog/wheelchair)","Bus (public transit)","Urban Rail (e.g., Link light rail, monorail)",NA,"Transit","2017",18
"645","Walk (or jog/wheelchair)","Bus (public transit)",NA,NA,"Transit","2017",201
"646","Walk (or jog/wheelchair)","Carshare service (e.g., Turo, Zipcar, ReachNow)",NA,NA,"Drive HOV2","2017",1
"647","Walk (or jog/wheelchair)","Electric bicycle (my household's)","Missing Response","Missing Response","Bike/Micromobility","2023",1
"648","Walk (or jog/wheelchair)","Friend/colleague's car",NA,NA,"Drive HOV2","2017",1
"649","Walk (or jog/wheelchair)","Household vehicle 1",NA,NA,"Drive HOV2","2017",3
"650","Walk (or jog/wheelchair)","Household vehicle 1",NA,NA,"Drive HOV3+","2017",2
"651","Walk (or jog/wheelchair)","Household vehicle 1",NA,NA,"Drive SOV","2017",5
"652","Walk (or jog/wheelchair)","Household vehicle 2",NA,NA,"Drive HOV2","2017",5
"653","Walk (or jog/wheelchair)","Household vehicle 2",NA,NA,"Drive SOV","2017",1
"654","Walk (or jog/wheelchair)","Missing Response","Missing Response","Missing Response","Walk","2023",11859
"655","Walk (or jog/wheelchair)","Missing: Skip Logic","Missing: Skip Logic","Missing: Skip Logic","Walk","2019",17402
"656","Walk (or jog/wheelchair)","Missing: Skip Logic","Missing: Skip Logic",NA,"Walk","2019",241
"657","Walk (or jog/wheelchair)","Other hired service (Uber, Lyft, or other smartphone-app car service)",NA,NA,"Drive HOV2","2017",2
"658","Walk (or jog/wheelchair)","Other mode (e.g., skateboard, kayak, motorhome, etc.)","Missing: Skip Logic","Missing: Skip Logic","Bike/Micromobility","2019",2
"659","Walk (or jog/wheelchair)","Other vehicle in household",NA,NA,"Drive SOV","2017",1
"660","Walk (or jog/wheelchair)","Urban Rail (e.g., Link light rail, monorail)","Bicycle or e-bike (rSurvey only)",NA,"Transit","2017",1
"661","Walk (or jog/wheelchair)","Urban Rail (e.g., Link light rail, monorail)","Bus (public transit)",NA,"Transit","2017",4
"662","Walk (or jog/wheelchair)","Urban Rail (e.g., Link light rail, monorail)",NA,NA,"Transit","2017",62
"663","Walk (or jog/wheelchair)","Vanpool",NA,NA,"Transit","2017",1
"664","Walk (or jog/wheelchair)",NA,NA,NA,"Missing Response","2023",1
"665","Walk (or jog/wheelchair)",NA,NA,NA,"Walk","2017",10489
"666","Walk (or jog/wheelchair)",NA,NA,NA,"Walk","2021",1995
